Workbook

Sheet Sheet1
A11: DAFTAR BARANG RUANGAN
A12: (DBR)
A14: Kode UAKPB | C14: : 138.05.0200.693453.000KD | F14: Ruangan | G14: :
A15: Nama Unit UAKPB | C15: : BBPPMPV Pertanian Cianjur
C17: Nama Barang | D17: Tanda Pengenal Barang | I17: Keterangan
A18: No. | B18: Nomor Urut | D18: Merk/ | F18: Tahun | G18: Jumlah
A19: Urut | B19: Pendaftaran | D19: Type | E19: Kode Barang | F19: Perolehan | G19: Barang
A21: 1 | B21: 2 | C21: 3 | D21: 4 | E21: 5 | F21: 6 | G21: 7 | I21: 8
B22: =TEMPLATE!B20 | C22: =TEMPLATE!C20 | D22: =TEMPLATE!D20 | E22: =TEMPLATE!E20 | F22: =TEMPLATE!F20 | G22: =TEMPLATE!G20 | I22: =TEMPLATE!H20
B23: =TEMPLATE!B21 | C23: =TEMPLATE!C21 | D23: =TEMPLATE!D21 | E23: =TEMPLATE!E21 | F23: =TEMPLATE!F21 | G23: =TEMPLATE!G21 | I23: =TEMPLATE!H21
B24: =TEMPLATE!B22 | C24: =TEMPLATE!C22 | D24: =TEMPLATE!D22 | E24: =TEMPLATE!E22 | F24: =TEMPLATE!F22 | G24: =TEMPLATE!G22 | I24: =TEMPLATE!H22
B25: =TEMPLATE!B23 | C25: =TEMPLATE!C23 | D25: =TEMPLATE!D23 | E25: =TEMPLATE!E23 | F25: =TEMPLATE!F23 | G25: =TEMPLATE!G23 | I25: =TEMPLATE!H23
B26: =TEMPLATE!B24 | C26: =TEMPLATE!C24 | D26: =TEMPLATE!D24 | E26: =TEMPLATE!E24 | F26: =TEMPLATE!F24 | G26: =TEMPLATE!G24 | I26: =TEMPLATE!H24
B27: =TEMPLATE!B25 | C27: =TEMPLATE!C25 | D27: =TEMPLATE!D25 | E27: =TEMPLATE!E25 | F27: =TEMPLATE!F25 | G27: =TEMPLATE!G25 | I27: =TEMPLATE!H25
B28: =TEMPLATE!B26 | C28: =TEMPLATE!C26 | D28: =TEMPLATE!D26 | E28: =TEMPLATE!E26 | F28: =TEMPLATE!F26 | G28: =TEMPLATE!G26 | I28: =TEMPLATE!H26
B29: =TEMPLATE!B27 | C29: =TEMPLATE!C27 | D29: =TEMPLATE!D27 | E29: =TEMPLATE!E27 | F29: =TEMPLATE!F27 | G29: =TEMPLATE!G27 | I29: =TEMPLATE!H27
B30: =TEMPLATE!B28 | C30: =TEMPLATE!C28 | D30: =TEMPLATE!D28 | E30: =TEMPLATE!E28 | F30: =TEMPLATE!F28 | G30: =TEMPLATE!G28 | I30: =TEMPLATE!H28
B31: =TEMPLATE!B29 | C31: =TEMPLATE!C29 | D31: =TEMPLATE!D29 | E31: =TEMPLATE!E29 | F31: =TEMPLATE!F29 | G31: =TEMPLATE!G29 | I31: =TEMPLATE!H29
B32: =TEMPLATE!B30 | C32: =TEMPLATE!C30 | D32: =TEMPLATE!D30 | E32: =TEMPLATE!E30 | F32: =TEMPLATE!F30 | G32: =TEMPLATE!G30 | I32: =TEMPLATE!H30
B33: =TEMPLATE!B31 | C33: =TEMPLATE!C31 | D33: =TEMPLATE!D31 | E33: =TEMPLATE!E31 | F33: =TEMPLATE!F31 | G33: =TEMPLATE!G31 | I33: =TEMPLATE!H31
... B53: =TEMPLATE!B51 | C53: =TEMPLATE!C51 | D53: =TEMPLATE!D51 | E53: =TEMPLATE!E51 | F53: =TEMPLATE!F51 | G53: =TEMPLATE!G51 | I53: =TEMPLATE!H51
F61: Cianjur, Nopember 2025
B62: Penanggung Jawab UAKPB; | F62: Penanggung Jawab Ruangan;
B63: Kuasa Pengguna Barang
B69: Dr. Yusuf, S.T., M.T.
B70: NIP. 196307201990011001 | F70: NIP. 196704181989121001

Sheet TEMPLATE
A10: DAFTAR BARANG RUANGAN (DBR)
A14: Kode UAKPB | C14: : 138.05.0200.693453.000KD | F14: Ruangan | G14: :
A15: Nama Unit UAKPB | C15: : BBPPMPV Pertanian Cianjur
A17: Nama Barang Tanda Pengenal Barang Keterangan
A18: No. | B18: Nomor Urut | C18: Nama Barang | D18: Merk/ | E18: Kode Barang | F18: Tahun | G18: Jumlah | H18: Keterangan
A19: Urut | B19: Pendaftaran | D19: Type | F19: Perolehan | G19: Barang
A20: 1 | B20: 34534 | C20: SADFADSF | D20: ASDFADSF | E20: 442 | F20: 2015 | G20: 3 | H20: ABIK
A21: 2 | B21: 4534534 | C21: SDFVSDF | D21: DFG | E21: 444444 | F21: 444444 | G21: 44444 | H21: 43
A22: 3 | B22: 0997367 | C22: KURSI BELAJAR | D22: CHITOSE | E22: 0092778 | F22: 2025 | G22: 24 | H22: RUSAK BERAT
A23: 4 | B23: 4565656 | C23: MEJA TATUN | D23: TATUN | E23: TATUN33 | F23: 2009 | G23: 9 | H23: LUMAYAN
A50: Cianjur, November 2025
A52: Penanggung Jawab UAKPB; | F52: Penanggung Jawab Ruangan;
A53: Kuasa Pengguna Barang
A55: Dr. Yusuf, S.T., M.T. | F55: NIP. 196704181989121001
A56: NIP. 196307201990011001
